no,factor,description,factor_type,data_type,remark
1,avg_bal_12,Average balance in past 12 months,Account Balance,Continuous,
2,avg_bal_9,Average balance in past 9 months,Account Balance,Continuous,
3,avg_bal_6,Average balance in past 6 months,Account Balance,Continuous,
4,avg_bal_3,Average balance in past 3 months,Account Balance,Continuous,
5,max_bal_12,Maximum balance in past 12 months,Account Balance,Continuous,
6,max_bal_9,Maximum balance in past 9 months,Account Balance,Continuous,
7,max_bal_6,Maximum balance in past 6 months,Account Balance,Continuous,
8,max_bal_3,Maximum balance in past 3 months,Account Balance,Continuous,
9,min_bal_12,Minimum balance in past 12 months,Account Balance,Continuous,
10,min_bal_9,Minimum balance in past 9 months,Account Balance,Continuous,
11,min_bal_6,Minimum balance in past 6 months,Account Balance,Continuous,
12,min_bal_3,Minimum balance in past 3 months,Account Balance,Continuous,
13,bal_to_avg_bal_12,Current balance to average balance over the last 12 months,Account Balance,Continuous,
14,bal_to_avg_bal_9,Current balance to average balance over the last 9 months,Account Balance,Continuous,
15,bal_to_avg_bal_6,Current balance to average balance over the last 6 months,Account Balance,Continuous,
16,bal_to_avg_bal_3,Current balance to average balance over the last 3 months,Account Balance,Continuous,
17,bal_to_max_bal_12,Current balance to maximum balance in last 12 months,Account Balance,Continuous,
18,bal_to_max_bal_9,Current balance to maximum balance in last 9 months,Account Balance,Continuous,
19,bal_to_max_bal_6,Current balance to maximum balance in last 6 months,Account Balance,Continuous,
20,bal_to_max_bal_3,Current balance to maximum balance in last 3 months,Account Balance,Continuous,
21,bal_to_min_bal_12,Current balance to minimum balance in last 12 months,Account Balance,Continuous,
22,bal_to_min_bal_9,Current balance to minimum balance in last 9 months,Account Balance,Continuous,
23,bal_to_min_bal_6,Current balance to minimum balance in last 6 months,Account Balance,Continuous,
24,bal_to_min_bal_3,Current balance to minimum balance in last 3 months,Account Balance,Continuous,
25,avg_bal_12_to_fin,Average of balance in past 12 months to financed amount,Account Balance,Continuous,
26,avg_bal_9_to_fin,Average of balance in past 9 months to financed amount,Account Balance,Continuous,
27,avg_bal_6_to_fin,Average of balance in past 6 months to financed amount,Account Balance,Continuous,
28,avg_bal_3_to_fin,Average of balance in past 3 months to financed amount,Account Balance,Continuous,
29,max_bal_12_to_fin,Maximum of balance in past 12 months to financed amount,Account Balance,Continuous,
30,max_bal_9_to_fin,Maximum of balance in past 9 months to financed amount,Account Balance,Continuous,
31,max_bal_6_to_fin,Maximum of balance in past 6 months to financed amount,Account Balance,Continuous,
32,max_bal_3_to_fin,Maximum of balance in past 3 months to financed amount,Account Balance,Continuous,
33,min_bal_12_to_fin,Minimum of balance in past 12 months to financed amount,Account Balance,Continuous,
34,min_bal_9_to_fin,Minimum of balance in past 9 months to financed amount,Account Balance,Continuous,
35,min_bal_6_to_fin,Minimum of balance in past 6 months to financed amount,Account Balance,Continuous,
36,min_bal_3_to_fin,Minimum of balance in past 3 months to financed amount,Account Balance,Continuous,
37,bal_to_fin,Current balance to financed amount,Account Balance,Continuous,
38,avg_bal_3_to_avg_bal_12,Average balance over the last 3 months to average balance over the last 12 months,Account Balance,Continuous,
39,avg_bal_3_to_avg_bal_9,Average balance over the last 3 months to average balance over the last 9 months,Account Balance,Continuous,
40,avg_bal_3_to_avg_bal_6,Average balance over the last 3 months to average balance over the last 6 months,Account Balance,Continuous,
41,avg_bal_6_to_avg_bal_12,Average balance over the last 6 months to average balance over the last 12 months,Account Balance,Continuous,
42,avg_bal_6_to_avg_bal_9,Average balance over the last 6 months to average balance over the last 9 months,Account Balance,Continuous,
43,avg_bal_9_to_avg_bal_12,Average balance over the last 9 months to average balance over the last 12 months,Account Balance,Continuous,
44,avg_bal_12_to_max_bal_12,Average balance over the last 12 months to maximum balance in last 12 months,Account Balance,Continuous,
45,avg_bal_9_to_max_bal_12,Average balance over the last 9 months to maximum balance in last 12 months,Account Balance,Continuous,
46,avg_bal_6_to_max_bal_12,Average balance over the last 6 months to maximum balance in last 12 months,Account Balance,Continuous,
47,avg_bal_3_to_max_bal_12,Average balance over the last 3 months to maximum balance in last 12 months,Account Balance,Continuous,
48,avg_bal_9_to_max_bal_9,Average balance over the last 9 months to maximum balance in last 9 months,Account Balance,Continuous,
49,avg_bal_6_to_max_bal_9,Average balance over the last 6 months to maximum balance in last 9 months,Account Balance,Continuous,
50,avg_bal_3_to_max_bal_9,Average balance over the last 3 months to maximum balance in last 9 months,Account Balance,Continuous,
51,avg_bal_6_to_max_bal_6,Average balance over the last 6 months to maximum balance in last 6 months,Account Balance,Continuous,
52,avg_bal_3_to_max_bal_6,Average balance over the last 3 months to maximum balance in last 6 months,Account Balance,Continuous,
53,avg_bal_3_to_max_bal_3,Average balance over the last 3 months to maximum balance in last 3 months,Account Balance,Continuous,
54,avg_bal_12_to_min_bal_12,Average balance over the last 12 months to minimum balance in last 12 months,Account Balance,Continuous,
55,avg_bal_9_to_min_bal_12,Average balance over the last 9 months to minimum balance in last 12 months,Account Balance,Continuous,
56,avg_bal_6_to_min_bal_12,Average balance over the last 6 months to minimum balance in last 12 months,Account Balance,Continuous,
57,avg_bal_3_to_min_bal_12,Average balance over the last 3 months to minimum balance in last 12 months,Account Balance,Continuous,
58,avg_bal_9_to_min_bal_9,Average balance over the last 9 months to minimum balance in last 9 months,Account Balance,Continuous,
59,avg_bal_6_to_min_bal_9,Average balance over the last 6 months to minimum balance in last 9 months,Account Balance,Continuous,
60,avg_bal_3_to_min_bal_9,Average balance over the last 3 months to minimum balance in last 9 months,Account Balance,Continuous,
61,avg_bal_6_to_min_bal_6,Average balance over the last 6 months to minimum balance in last 6 months,Account Balance,Continuous,
62,avg_bal_3_to_min_bal_6,Average balance over the last 3 months to minimum balance in last 6 months,Account Balance,Continuous,
63,avg_bal_3_to_min_bal_3,Average balance over the last 3 months to minimum balance in last 3 months,Account Balance,Continuous,
64,avg_due_12,Average due amount in past 12 months,Due Amount,Continuous,
65,avg_due_9,Average due amount in past 9 months,Due Amount,Continuous,
66,avg_due_6,Average due amount in past 6 months,Due Amount,Continuous,
67,avg_due_3,Average due amount in past 3 months,Due Amount,Continuous,
68,max_due_12,Maximum due amount in past 12 months,Due Amount,Continuous,
69,max_due_9,Maximum due amount in past 9 months,Due Amount,Continuous,
70,max_due_6,Maximum due amount in past 6 months,Due Amount,Continuous,
71,max_due_3,Maximum due amount in past 3 months,Due Amount,Continuous,
72,min_due_12,Minimum due amount in past 12 months,Due Amount,Continuous,
73,min_due_9,Minimum due amount in past 9 months,Due Amount,Continuous,
74,min_due_6,Minimum due amount in past 6 months,Due Amount,Continuous,
75,min_due_3,Minimum due amount in past 3 months,Due Amount,Continuous,
76,due_to_avg_due_12,Current month due amount to average due amount over the last 12 months,Due Amount,Continuous,
77,due_to_avg_due_9,Current month due amount to average due amount over the last 9 months,Due Amount,Continuous,
78,due_to_avg_due_6,Current month due amount to average due amount over the last 6 months,Due Amount,Continuous,
79,due_to_avg_due_3,Current month due amount to average due amount over the last 3 months,Due Amount,Continuous,
80,due_to_max_due_12,Current month due amount to maximum due amount over the last 12 months,Due Amount,Continuous,
81,due_to_max_due_9,Current month due amount to maximum due amount over the last 9 months,Due Amount,Continuous,
82,due_to_max_due_6,Current month due amount to maximum due amount over the last 6 months,Due Amount,Continuous,
83,due_to_max_due_3,Current month due amount to maximum due amount over the last 3 months,Due Amount,Continuous,
84,due_to_min_due_12,Current month due amount to minimum due amount over the last 12 months,Due Amount,Continuous,
85,due_to_min_due_9,Current month due amount to minimum due amount over the last 9 months,Due Amount,Continuous,
86,due_to_min_due_6,Current month due amount to minimum due amount over the last 6 months,Due Amount,Continuous,
87,due_to_min_due_3,Current month due amount to minimum due amount over the last 3 months,Due Amount,Continuous,
88,avg_due_12_to_fin,Average of due amount  in last 9 months to financed amount,Due Amount,Continuous,
89,avg_due_9_to_fin,Average of due amount  in last 6 months to financed amount,Due Amount,Continuous,
90,avg_due_6_to_fin,Average of due amount  in last 3 months to financed amount,Due Amount,Continuous,
91,avg_due_3_to_fin,Average of due amount  in last 12 months to financed amount,Due Amount,Continuous,
92,max_due_12_to_fin,Maximum due amount in the past 12 months to financed amount,Due Amount,Continuous,
93,max_due_9_to_fin,Maximum due amount in the past 9 months to financed amount,Due Amount,Continuous,
94,max_due_6_to_fin,Maximum due amount in the past 6 months to financed amount,Due Amount,Continuous,
95,max_due_3_to_fin,Maximum due amount in the past 3 months to financed amount,Due Amount,Continuous,
96,min_due_12_to_fin,Minimum due amount in the past 12 months to financed amount,Due Amount,Continuous,
97,min_due_9_to_fin,Minimum due amount in the past 9 months to financed amount,Due Amount,Continuous,
98,min_due_6_to_fin,Minimum due amount in the past 6 months to financed amount,Due Amount,Continuous,
99,min_due_3_to_fin,Minimum due amount in the past 3 months to financed amount,Due Amount,Continuous,
100,due_to_fin,Due amount in current month to financed amount,Due Amount,Continuous,
101,due6_to_fin,Due amount in previous 6 month to financed amount,Due Amount,Continuous,
102,due5_to_fin,Due amount in previous 5 month to financed amount,Due Amount,Continuous,
103,due4_to_fin,Due amount in previous 4 month to financed amount,Due Amount,Continuous,
104,due3_to_fin,Due amount in previous 3 month to financed amount,Due Amount,Continuous,
105,due2_to_fin,Due amount in previous 2 month to financed amount,Due Amount,Continuous,
106,due1_to_fin,Due amount in previous 1 month to financed amount,Due Amount,Continuous,
107,avg_due_3_to_avg_due_12,Average due amount over the last 3 months to average due amount over the last 12 months,Due Amount,Continuous,
108,avg_due_3_to_avg_due_9,Average due amount over the last 3 months to average due amount over the last 9 months,Due Amount,Continuous,
109,avg_due_3_to_avg_due_6,Average due amount over the last 3 months to average due amount over the last 6 months,Due Amount,Continuous,
110,avg_due_6_to_avg_due_12,Average due amount over the last 6 months to average due amount over the last 12 months,Due Amount,Continuous,
111,avg_due_6_to_avg_due_9,Average due amount over the last 6 months to average due amount over the last 9 months,Due Amount,Continuous,
112,avg_due_9_to_avg_due_12,Average due amount over the last 9 months to average due amount over the last 9 months,Due Amount,Continuous,
113,avg_due_12_to_max_due_12,Average due amount over the last 12 months to maximum due amount in last 12 months,Due Amount,Continuous,
114,avg_due_9_to_max_due_12,Average due amount over the last 9 months to maximum due amount in last 12 months,Due Amount,Continuous,
115,avg_due_6_to_max_due_12,Average due amount over the last 6 months to maximum due amount in last 12 months,Due Amount,Continuous,
116,avg_due_3_to_max_due_12,Average due amount over the last 3 months to maximum due amount in last 12 months,Due Amount,Continuous,
117,avg_due_9_to_max_due_9,Average due amount over the last 9 months to maximum due amount in last 9 months,Due Amount,Continuous,
118,avg_due_6_to_max_due_9,Average due amount over the last 6 months to maximum due amount in last 9 months,Due Amount,Continuous,
119,avg_due_3_to_max_due_9,Average due amount over the last 3 months to maximum due amount in last 9 months,Due Amount,Continuous,
120,avg_due_6_to_max_due_6,Average due amount over the last 6 months to maximum due amount in last 6 months,Due Amount,Continuous,
121,avg_due_3_to_max_due_6,Average due amount over the last 3 months to maximum due amount in last 6 months,Due Amount,Continuous,
122,avg_due_3_to_max_due_3,Average due amount over the last 3 months to maximum due amount in last 3 months,Due Amount,Continuous,
123,avg_due_12_to_min_due_12,Average due amount over the last 12 months to minimum due amount in last 12 months,Due Amount,Continuous,
124,avg_due_9_to_min_due_12,Average due amount over the last 9 months to minimum due amount in last 12 months,Due Amount,Continuous,
125,avg_due_6_to_min_due_12,Average due amount over the last 6 months to minimum due amount in last 12 months,Due Amount,Continuous,
126,avg_due_3_to_min_due_12,Average due amount over the last 3 months to minimum due amount in last 12 months,Due Amount,Continuous,
127,avg_due_9_to_min_due_9,Average due amount over the last 9 months to minimum due amount in last 9 months,Due Amount,Continuous,
128,avg_due_6_to_min_due_9,Average due amount over the last 6 months to minimum due amount in last 9 months,Due Amount,Continuous,
129,avg_due_3_to_min_due_9,Average due amount over the last 3 months to minimum due amount in last 9 months,Due Amount,Continuous,
130,avg_due_6_to_min_due_6,Average due amount over the last 6 months to minimum due amount in last 6 months,Due Amount,Continuous,
131,avg_due_3_to_min_due_6,Average due amount over the last 3 months to minimum due amount in last 6 months,Due Amount,Continuous,
132,avg_due_3_to_min_due_3,Average due amount over the last 3 months to minimum due amount in last 3 months,Due Amount,Continuous,
133,n_last_max_due_12,Number of months since maximum due amount has been made in last 12 months,Due Amount,Categorical,
134,n_last_max_due_9,Number of months since maximum due amount has been made in last 9 months,Due Amount,Categorical,
135,n_last_max_due_6,Number of months since maximum due amount has been made in last 6 months,Due Amount,Categorical,
136,n_last_max_due_3,Number of months since maximum due amount has been made in last 3 months,Due Amount,Categorical,
137,due,Due amount in current month,Due Amount,Continuous,
138,due1,Due amount in previous 1 month,Due Amount,Continuous,
139,due2,Due amount in previous 2 months,Due Amount,Continuous,
140,due3,Due amount in previous 3 months,Due Amount,Continuous,
141,due4,Due amount in previous 4 months,Due Amount,Continuous,
142,due5,Due amount in previous 5 months,Due Amount,Continuous,
143,due6,Due amount in previous 6 months,Due Amount,Continuous,
144,due7,Due amount in previous 7 months,Due Amount,Continuous,
145,due8,Due amount in previous 8 months,Due Amount,Continuous,
146,due9,Due amount in previous 9 months,Due Amount,Continuous,
147,due10,Due amount in previous 10 months,Due Amount,Continuous,
148,due11,Due amount in previous 11 months,Due Amount,Continuous,
149,due12,Due amount in previous 12 months,Due Amount,Continuous,
150,avg_ovd_12,Average overdue amount in past 12 months,Due Amount,Continuous,
151,avg_ovd_9,Average overdue amount in past 9 months,Due Amount,Continuous,
152,avg_ovd_6,Average overdue amount in past 6 months,Due Amount,Continuous,
153,avg_ovd_3,Average overdue amount in past 3 months,Due Amount,Continuous,
154,max_ovd_12,Maximum overdue amount in past 12 months,Due Amount,Continuous,
155,max_ovd_9,Maximum overdue amount in past 9 months,Due Amount,Continuous,
156,max_ovd_6,Maximum overdue amount in past 6 months,Due Amount,Continuous,
157,max_ovd_3,Maximum overdue amount in past 3 months,Due Amount,Continuous,
158,min_ovd_12,Minimum overdue amount in past 12 months,Due Amount,Continuous,
159,min_ovd_9,Minimum overdue amount in past 9 months,Due Amount,Continuous,
160,min_ovd_6,Minimum overdue amount in past 6 months,Due Amount,Continuous,
161,min_ovd_3,Minimum overdue amount in past 3 months,Due Amount,Continuous,
162,ovd_to_avg_ovd_12,Current month overdue amount to average overdue amount over the last 12 months,Due Amount,Continuous,
163,ovd_to_avg_ovd_9,Current month overdue amount to average overdue amount over the last 9 months,Due Amount,Continuous,
164,ovd_to_avg_ovd_6,Current month overdue amount to average overdue amount over the last 6 months,Due Amount,Continuous,
165,ovd_to_avg_ovd_3,Current month overdue amount to average overdue amount over the last 3 months,Due Amount,Continuous,
166,ovd_to_max_ovd_12,Current month overdue amount to maximum overdue amount over the last 12 months,Due Amount,Continuous,
167,ovd_to_max_ovd_9,Current month overdue amount to maximum overdue amount over the last 9 months,Due Amount,Continuous,
168,ovd_to_max_ovd_6,Current month overdue amount to maximum overdue amount over the last 6 months,Due Amount,Continuous,
169,ovd_to_max_ovd_3,Current month overdue amount to maximum overdue amount over the last 3 months,Due Amount,Continuous,
170,ovd_to_min_ovd_12,Current month overdue amount to minimum overdue amount over the last 12 months,Due Amount,Continuous,
171,ovd_to_min_ovd_9,Current month overdue amount to minimum overdue amount over the last 9 months,Due Amount,Continuous,
172,ovd_to_min_ovd_6,Current month overdue amount to minimum overdue amount over the last 6 months,Due Amount,Continuous,
173,ovd_to_min_ovd_3,Current month overdue amount to minimum overdue amount over the last 3 months,Due Amount,Continuous,
174,avg_ovd_12_to_fin,Average of overdue amount  in last 9 months to financed amount,Due Amount,Continuous,
175,avg_ovd_9_to_fin,Average of overdue amount  in last 6 months to financed amount,Due Amount,Continuous,
176,avg_ovd_6_to_fin,Average of overdue amount  in last 3 months to financed amount,Due Amount,Continuous,
177,avg_ovd_3_to_fin,Average of overdue amount  in last 12 months to financed amount,Due Amount,Continuous,
178,max_ovd_12_to_fin,Maximum overdue amount in the past 12 months to financed amount,Due Amount,Continuous,
179,max_ovd_9_to_fin,Maximum overdue amount in the past 9 months to financed amount,Due Amount,Continuous,
180,max_ovd_6_to_fin,Maximum overdue amount in the past 6 months to financed amount,Due Amount,Continuous,
181,max_ovd_3_to_fin,Maximum overdue amount in the past 3 months to financed amount,Due Amount,Continuous,
182,min_ovd_12_to_fin,Minimum overdue amount in the past 12 months to financed amount,Due Amount,Continuous,
183,min_ovd_9_to_fin,Minimum overdue amount in the past 9 months to financed amount,Due Amount,Continuous,
184,min_ovd_6_to_fin,Minimum overdue amount in the past 6 months to financed amount,Due Amount,Continuous,
185,min_ovd_3_to_fin,Minimum overdue amount in the past 3 months to financed amount,Due Amount,Continuous,
186,ovd_to_fin,Overdue amount in current month to financed amount,Due Amount,Continuous,
187,ovd6_to_fin,Overdue amount in previous 6 month to financed amount,Due Amount,Continuous,
188,ovd5_to_fin,Overdue amount in previous 5 month to financed amount,Due Amount,Continuous,
189,ovd4_to_fin,Overdue amount in previous 4 month to financed amount,Due Amount,Continuous,
190,ovd3_to_fin,Overdue amount in previous 3 month to financed amount,Due Amount,Continuous,
191,ovd2_to_fin,Overdue amount in previous 2 month to financed amount,Due Amount,Continuous,
192,ovd1_to_fin,Overdue amount in previous 1 month to financed amount,Due Amount,Continuous,
193,avg_ovd_3_to_avg_ovd_12,Average overdue amount over the last 3 months to average overdue amount over the last 12 months,Due Amount,Continuous,
194,avg_ovd_3_to_avg_ovd_9,Average overdue amount over the last 3 months to average overdue amount over the last 9 months,Due Amount,Continuous,
195,avg_ovd_3_to_avg_ovd_6,Average overdue amount over the last 3 months to average overdue amount over the last 6 months,Due Amount,Continuous,
196,avg_ovd_6_to_avg_ovd_12,Average overdue amount over the last 6 months to average overdue amount over the last 12 months,Due Amount,Continuous,
197,avg_ovd_6_to_avg_ovd_9,Average overdue amount over the last 6 months to average overdue amount over the last 9 months,Due Amount,Continuous,
198,avg_ovd_9_to_avg_ovd_12,Average overdue amount over the last 9 months to average overdue amount over the last 12 months,Due Amount,Continuous,
199,avg_ovd_12_to_max_ovd_12,Average overdue amount over the last 12 months to maximum overdue amount in last 12 months,Due Amount,Continuous,
200,avg_ovd_9_to_max_ovd_12,Average overdue amount over the last 9 months to maximum overdue amount in last 12 months,Due Amount,Continuous,
201,avg_ovd_6_to_max_ovd_12,Average overdue amount over the last 6 months to maximum overdue amount in last 12 months,Due Amount,Continuous,
202,avg_ovd_3_to_max_ovd_12,Average overdue amount over the last 3 months to maximum overdue amount in last 12 months,Due Amount,Continuous,
203,avg_ovd_9_to_max_ovd_9,Average overdue amount over the last 9 months to maximum overdue amount in last 9 months,Due Amount,Continuous,
204,avg_ovd_6_to_max_ovd_9,Average overdue amount over the last 6 months to maximum overdue amount in last 9 months,Due Amount,Continuous,
205,avg_ovd_3_to_max_ovd_9,Average overdue amount over the last 3 months to maximum overdue amount in last 9 months,Due Amount,Continuous,
206,avg_ovd_6_to_max_ovd_6,Average overdue amount over the last 6 months to maximum overdue amount in last 6 months,Due Amount,Continuous,
207,avg_ovd_3_to_max_ovd_6,Average overdue amount over the last 3 months to maximum overdue amount in last 6 months,Due Amount,Continuous,
208,avg_ovd_3_to_max_ovd_3,Average overdue amount over the last 3 months to maximum overdue amount in last 3 months,Due Amount,Continuous,
209,avg_ovd_12_to_min_ovd_12,Average overdue amount over the last 12 months to minimum overdue amount in last 12 months,Due Amount,Continuous,
210,avg_ovd_9_to_min_ovd_12,Average overdue amount over the last 9 months to minimum overdue amount in last 12 months,Due Amount,Continuous,
211,avg_ovd_6_to_min_ovd_12,Average overdue amount over the last 6 months to minimum overdue amount in last 12 months,Due Amount,Continuous,
212,avg_ovd_3_to_min_ovd_12,Average overdue amount over the last 3 months to minimum overdue amount in last 12 months,Due Amount,Continuous,
213,avg_ovd_9_to_min_ovd_9,Average overdue amount over the last 9 months to minimum overdue amount in last 9 months,Due Amount,Continuous,
214,avg_ovd_6_to_min_ovd_9,Average overdue amount over the last 6 months to minimum overdue amount in last 9 months,Due Amount,Continuous,
215,avg_ovd_3_to_min_ovd_9,Average overdue amount over the last 3 months to minimum overdue amount in last 9 months,Due Amount,Continuous,
216,avg_ovd_6_to_min_ovd_6,Average overdue amount over the last 6 months to minimum overdue amount in last 6 months,Due Amount,Continuous,
217,avg_ovd_3_to_min_ovd_6,Average overdue amount over the last 3 months to minimum overdue amount in last 6 months,Due Amount,Continuous,
218,avg_ovd_3_to_min_ovd_3,Average overdue amount over the last 3 months to minimum overdue amount in last 3 months,Due Amount,Continuous,
219,n_last_max_ovd_12,Number of months since maximum overdue amount in last 12 months,Due Amount,Categorical,
220,n_last_max_ovd_9,Number of months since maximum overdue amount in last 9 months,Due Amount,Categorical,
221,n_last_max_ovd_6,Number of months since maximum overdue amount in last 6 months,Due Amount,Categorical,
222,n_last_max_ovd_3,Number of months since maximum overdue amount in last 3 months,Due Amount,Categorical,
223,ovd,Overdue amount in current month,Due Amount,Continuous,
224,ovd1,Overdue amount in previous 1 month,Due Amount,Continuous,
225,ovd2,Overdue amount in previous 2 months,Due Amount,Continuous,
226,ovd3,Overdue amount in previous 3 months,Due Amount,Continuous,
227,ovd4,Overdue amount in previous 4 months,Due Amount,Continuous,
228,ovd5,Overdue amount in previous 5 months,Due Amount,Continuous,
229,ovd6,Overdue amount in previous 6 months,Due Amount,Continuous,
230,ovd7,Overdue amount in previous 7 months,Due Amount,Continuous,
231,ovd8,Overdue amount in previous 8 months,Due Amount,Continuous,
232,ovd9,Overdue amount in previous 9 months,Due Amount,Continuous,
233,ovd10,Overdue amount in previous 10 months,Due Amount,Continuous,
234,ovd11,Overdue amount in previous 11 months,Due Amount,Continuous,
235,ovd12,Overdue amount in previous 12 months,Due Amount,Continuous,
236,avg_pay_12,Average repayment amount in past 12 months,Payment,Continuous,
237,avg_pay_9,Average repayment amount in past 9 months,Payment,Continuous,
238,avg_pay_6,Average repayment amount in past 6 months,Payment,Continuous,
239,avg_pay_3,Average repayment amount in past 3 months,Payment,Continuous,
240,max_pay_12,Maximum repayment amount in past 12 months,Payment,Continuous,
241,max_pay_9,Maximum repayment amount in past 9 months,Payment,Continuous,
242,max_pay_6,Maximum repayment amount in past 6 months,Payment,Continuous,
243,max_pay_3,Maximum repayment amount in past 3 months,Payment,Continuous,
244,min_pay_12,Minimum repayment amount in past 12 months,Payment,Continuous,
245,min_pay_9,Minimum repayment amount in past 9 months,Payment,Continuous,
246,min_pay_6,Minimum repayment amount in past 6 months,Payment,Continuous,
247,min_pay_3,Minimum repayment amount in past 3 months,Payment,Continuous,
248,pay_to_instal,Current repayment to instalment amount,Payment,Continuous,
249,avg_pay_12_to_instal,Average of repayment in past 12 months to instalment amount,Payment,Continuous,
250,avg_pay_9_to_instal,Average of repayment in past 9 months to instalment amount,Payment,Continuous,
251,avg_pay_6_to_instal,Average of repayment in past 6 months to instalment amount,Payment,Continuous,
252,avg_pay_3_to_instal,Average of repayment in past 3 months to instalment amount,Payment,Continuous,
253,max_pay_12_to_instal,Maximum of repayment in past 12 months to instalment amount,Payment,Continuous,
254,max_pay_9_to_instal,Maximum of repayment in past 9 months to instalment amount,Payment,Continuous,
255,max_pay_6_to_instal,Maximum of repayment in past 6 months to instalment amount,Payment,Continuous,
256,max_pay_3_to_instal,Maximum of repayment in past 3 months to instalment amount,Payment,Continuous,
257,min_pay_12_to_instal,Minimum of repayment in past 12 months to instalment amount,Payment,Continuous,
258,min_pay_9_to_instal,Minimum of repayment in past 9 months to instalment amount,Payment,Continuous,
259,min_pay_6_to_instal,Minimum of repayment in past 6 months to instalment amount,Payment,Continuous,
260,min_pay_3_to_instal,Minimum of repayment in past 3 months to instalment amount,Payment,Continuous,
261,pay_to_due,Current repayment to due amount,Payment,Continuous,
262,avg_pay_12_to_due,Average of repayment in past 12 months to due amount,Payment,Continuous,
263,avg_pay_9_to_due,Average of repayment in past 9 months to due amount,Payment,Continuous,
264,avg_pay_6_to_due,Average of repayment in past 6 months to due amount,Payment,Continuous,
265,avg_pay_3_to_due,Average of repayment in past 3 months to due amount,Payment,Continuous,
266,max_pay_12_to_due,Maximum of repayment in past 12 months to due amount,Payment,Continuous,
267,max_pay_9_to_due,Maximum of repayment in past 9 months to due amount,Payment,Continuous,
268,max_pay_6_to_due,Maximum of repayment in past 6 months to due amount,Payment,Continuous,
269,max_pay_3_to_due,Maximum of repayment in past 3 months to due amount,Payment,Continuous,
270,min_pay_12_to_due,Minimum of repayment in past 12 months to due amount,Payment,Continuous,
271,min_pay_9_to_due,Minimum of repayment in past 9 months to due amount,Payment,Continuous,
272,min_pay_6_to_due,Minimum of repayment in past 6 months to due amount,Payment,Continuous,
273,min_pay_3_to_due,Minimum of repayment in past 3 months to due amount,Payment,Continuous,
274,n_partial_pay_12,Number of times that partial payment was made in last 12 months,Payment,Categorical,
275,n_partial_pay_9,Number of times that partial payment was made in last 9 months,Payment,Categorical,
276,n_partial_pay_6,Number of times that partial payment was made in last 6 months,Payment,Categorical,
277,n_partial_pay_3,Number of times that partial payment was made in last 3 months,Payment,Categorical,
278,n_fully_pay_12,Number of times that full payment was made in last 12 months,Payment,Categorical,
279,n_fully_pay_9,Number of times that full payment was made in last 9 months,Payment,Categorical,
280,n_fully_pay_6,Number of times that full payment was made in last 6 months,Payment,Categorical,
281,n_fully_pay_3,Number of times that full payment was made in last 3 months,Payment,Categorical,
282,n_over_pay_12,Number of times that over payment was made in last 12 months,Payment,Categorical,
283,n_over_pay_9,Number of times that over payment was made in last 9 months,Payment,Categorical,
284,n_over_pay_6,Number of times that over payment was made in last 6 months,Payment,Categorical,
285,n_over_pay_3,Number of times that over payment was made in last 3 months,Payment,Categorical,
286,n_fully_to_n_partial_12,Number of full payments to number of partial payments in last 12 months,Payment,Continuous,
287,n_fully_to_n_partial_9,Number of full payments to number of partial payments in last 9 months,Payment,Continuous,
288,n_fully_to_n_partial_6,Number of full payments to number of partial payments in last 6 months,Payment,Continuous,
289,n_fully_to_n_partial_3,Number of full payments to number of partial payments in last 3 months,Payment,Continuous,
290,n_over_to_n_fully_12,Number of over payments to number of full payments in last 12 months,Payment,Continuous,
291,n_over_to_n_fully_9,Number of over payments to number of full payments in last 9 months,Payment,Continuous,
292,n_over_to_n_fully_6,Number of over payments to number of full payments in last 6 months,Payment,Continuous,
293,n_over_to_n_fully_3,Number of over payments to number of full payments in last 3 months,Payment,Continuous,
294,any_pmt_run_12,Longest run of consecutive months in which the contract was any repayment over the last 12 months,Payment,Categorical,
295,any_pmt_run_9,Longest run of consecutive months in which the contract was any repayment over the last 9 months,Payment,Categorical,
296,any_pmt_run_6,Longest run of consecutive months in which the contract was any repayment over the last 6 months,Payment,Categorical,
297,any_pmt_run_3,Longest run of consecutive months in which the contract was any repayment over the last 3 months,Payment,Categorical,
298,full_pmt_run_12,Longest run of consecutive months in which the contract was fully repayment over the last 12 months,Payment,Categorical,
299,full_pmt_run_9,Longest run of consecutive months in which the contract was fully repayment over the last 9 months,Payment,Categorical,
300,full_pmt_run_6,Longest run of consecutive months in which the contract was fully repayment over the last 6 months,Payment,Categorical,
301,full_pmt_run_3,Longest run of consecutive months in which the contract was fully repayment over the last 3 months,Payment,Categorical,
302,del,Delinquency of a contract in current month ,Delinquency,Categorical,
303,del1,Delinquency of a contract in previous 1 month ,Delinquency,Categorical,
304,del2,Delinquency of a contract in previous 2 months ,Delinquency,Categorical,
305,del3,Delinquency of a contract in previous 3 months ,Delinquency,Categorical,
306,del4,Delinquency of a contract in previous 4 months ,Delinquency,Categorical,
307,del5,Delinquency of a contract in previous 5 months ,Delinquency,Categorical,
308,del6,Delinquency of a contract in previous 6 months ,Delinquency,Categorical,
309,del7,Delinquency of a contract in previous 7 months ,Delinquency,Categorical,
310,del8,Delinquency of a contract in previous 8 months ,Delinquency,Categorical,
311,del9,Delinquency of a contract in previous 9 months ,Delinquency,Categorical,
312,del10,Delinquency of a contract in previous 10 months ,Delinquency,Categorical,
313,del11,Delinquency of a contract in previous 11 months ,Delinquency,Categorical,
314,del12,Delinquency of a contract in previous 12 months ,Delinquency,Categorical,
315,max_del_12,Maximum delinquency in past 12 months,Delinquency,Categorical,
316,max_del_9,Maximum delinquency in past 9 months,Delinquency,Categorical,
317,max_del_6,Maximum delinquency in past 6 months,Delinquency,Categorical,
318,max_del_3,Maximum delinquency in past 3 months,Delinquency,Categorical,
319,ever_x_dpd_12,A contract has overdue days more than 0 day in last 12 months,Delinquency,Categorical,
320,ever_x_dpd_9,A contract has overdue days more than 0 day in last 9 months,Delinquency,Categorical,
321,ever_x_dpd_6,A contract has overdue days more than 0 day in last 6 months,Delinquency,Categorical,
322,ever_x_dpd_3,A contract has overdue days more than 0 day in last 3 months,Delinquency,Categorical,
323,ever_30_dpd_12,A contract has overdue days more than 30 days in last 12 months,Delinquency,Categorical,
324,ever_30_dpd_9,A contract has overdue days more than 30 days in last 9 months,Delinquency,Categorical,
325,ever_30_dpd_6,A contract has overdue days more than 30 days in last 6 months,Delinquency,Categorical,
326,ever_30_dpd_3,A contract has overdue days more than 30 days in last 3 months,Delinquency,Categorical,
327,ever_60_dpd_12,A contract has overdue days more than 60 days in last 12 months,Delinquency,Categorical,
328,ever_60_dpd_9,A contract has overdue days more than 60 days in last 9 months,Delinquency,Categorical,
329,ever_60_dpd_6,A contract has overdue days more than 60 days in last 6 months,Delinquency,Categorical,
330,ever_60_dpd_3,A contract has overdue days more than 60 days in last 3 months,Delinquency,Categorical,
331,ever_90_dpd_12,A contract has overdue days more than 90 days in last 12 months,Delinquency,Categorical,
332,ever_90_dpd_9,A contract has overdue days more than 90 days in last 9 months,Delinquency,Categorical,
333,ever_90_dpd_6,A contract has overdue days more than 90 days in last 6 months,Delinquency,Categorical,
334,ever_90_dpd_3,A contract has overdue days more than 90 days in last 3 months,Delinquency,Categorical,
335,n_x_dpd_12,Number of times that a contract has overdue days > 0 day in last 12 months,Delinquency,Categorical,
336,n_x_dpd_9,Number of times that a contract has overdue days > 0 day in last 9 months,Delinquency,Categorical,
337,n_x_dpd_6,Number of times that a contract has overdue days > 0 day in last 6 months,Delinquency,Categorical,
338,n_x_dpd_3,Number of times that a contract has overdue days > 0 day in last 3 months,Delinquency,Categorical,
339,n_30_dpd_12,Number of times that a contract has overdue days > 30 days in last 12 months,Delinquency,Categorical,
340,n_30_dpd_9,Number of times that a contract has overdue days > 30 days in last 9 months,Delinquency,Categorical,
341,n_30_dpd_6,Number of times that a contract has overdue days > 30 days in last 6 months,Delinquency,Categorical,
342,n_30_dpd_3,Number of times that a contract has overdue days > 30 days in last 3 months,Delinquency,Categorical,
343,n_60_dpd_12,Number of times that a contract has overdue days > 60 days in last 12 months,Delinquency,Categorical,
344,n_60_dpd_9,Number of times that a contract has overdue days > 60 days in last 9 months,Delinquency,Categorical,
345,n_60_dpd_6,Number of times that a contract has overdue days > 60 days in last 6 months,Delinquency,Categorical,
346,n_60_dpd_3,Number of times that a contract has overdue days > 60 days in last 3 months,Delinquency,Categorical,
347,n_90_dpd_12,Number of times that a contract has overdue days > 90 days in last 12 months,Delinquency,Categorical,
348,n_90_dpd_9,Number of times that a contract has overdue days > 90 days in last 9 months,Delinquency,Categorical,
349,n_90_dpd_6,Number of times that a contract has overdue days > 90 days in last 6 months,Delinquency,Categorical,
350,n_90_dpd_3,Number of times that a contract has overdue days > 90 days in last 3 months,Delinquency,Categorical,
351,n_month_last_x,Number of months since last delinquency status as overdue days > 0 day,Delinquency,Categorical,
352,n_month_last_30,Number of months since last delinquency status as overdue days > 30 days,Delinquency,Categorical,
353,n_month_last_60,Number of months since last delinquency status as overdue days > 60 days,Delinquency,Categorical,
354,n_month_last_90,Number of months since last delinquency status as overdue days > 90 days,Delinquency,Categorical,
355,del_x_run_12,Longest run of consecutive months in which delinquency status as as overdue day > 0 days  over the last 12 months,Delinquency,Categorical,
356,del_x_run_9,Longest run of consecutive months in which delinquency status as as overdue day > 0 days  over the last 9 months,Delinquency,Categorical,
357,del_x_run_6,Longest run of consecutive months in which delinquency status as as overdue day > 0 days  over the last 6 months,Delinquency,Categorical,
358,del_x_run_3,Longest run of consecutive months in which delinquency status as as overdue day > 0 days  over the last 3 months,Delinquency,Categorical,
359,del_30_run_12,Longest run of consecutive months in which delinquency status as as overdue day > 30 days  over the last 12 months,Delinquency,Categorical,
360,del_30_run_9,Longest run of consecutive months in which delinquency status as as overdue day > 30 days  over the last 9 months,Delinquency,Categorical,
361,del_30_run_6,Longest run of consecutive months in which delinquency status as as overdue day > 30 days  over the last 6 months,Delinquency,Categorical,
362,del_30_run_3,Longest run of consecutive months in which delinquency status as as overdue day > 30 days  over the last 3 months,Delinquency,Categorical,
363,del_60_run_12,Longest run of consecutive months in which delinquency status as as overdue day > 60 days  over the last 12 months,Delinquency,Categorical,
364,del_60_run_9,Longest run of consecutive months in which delinquency status as as overdue day > 60 days  over the last 9 months,Delinquency,Categorical,
365,del_60_run_6,Longest run of consecutive months in which delinquency status as as overdue day > 60 days  over the last 6 months,Delinquency,Categorical,
366,del_60_run_3,Longest run of consecutive months in which delinquency status as as overdue day > 60 days  over the last 3 months,Delinquency,Categorical,
367,del_90_run_12,Longest run of consecutive months in which delinquency status as as overdue day > 90 days  over the last 12 months,Delinquency,Categorical,
368,del_90_run_9,Longest run of consecutive months in which delinquency status as as overdue day > 90 days  over the last 9 months,Delinquency,Categorical,
369,del_90_run_6,Longest run of consecutive months in which delinquency status as as overdue day > 90 days  over the last 6 months,Delinquency,Categorical,
370,del_90_run_3,Longest run of consecutive months in which delinquency status as as overdue day > 90 days  over the last 3 months,Delinquency,Categorical,
